{
   "intents":[
 {
   "tag": "greeting",
   "patterns": [
      "Hi",
      "How are you?",
      "Is anyone there?",
      "Hello",
      "Good day",
      "What's up",
      "how are ya",
      "heyy",
      "whatsup",
      "??? ??? ??"
   ],
   "responses": [
      "Hello!",
      "Good to see you again!",
      "Hi there, how can I help?"
   ],
   "context_set": ""
},
 {
   "tag": "goodbye",
   "patterns": [
      "cya",
      "see you",
      "bye bye",
      "See you later",
      "Goodbye",
      "I am Leaving",
      "Bye",
      "Have a Good day",
      "talk to you later",
      "ttyl",
      "i got to go",
      "gtg"
   ],
   "responses": [
      "Sad to see you go :(",
      "Talk to you later",
      "Goodbye!",
      "Come back soon"
   ],
   "context_set": ""
}
]
}
