{
   "intents":[
 {
   "tag": "hours",
   "patterns": [
      "timing of college",
      "what is college timing",
      "working days",
      "when are you guys open",
      "what are your hours",
      "hours of operation",
      "when is the college open",
      "college timing",
      "what about college timing",
      "is college open on saturday",
      "tell something about college timing",
      "what is the college  hours",
      "when should i come to college",
      "when should i attend college",
      "what is my college time",
      "college timing",
      "timing college"
   ],
   "responses": [
      "College is open 8am-5pm Monday-Saturday!"
   ],
   "context_set": ""
},
 {
   "tag": "number",
   "patterns": [
      "more info",
      "contact info",
      "how to contact college",
      "college telephone number",
      "college number",
      "What is your contact no",
      "Contact number?",
      "how to call you",
      "College phone no?",
      "how can i contact you",
      "Can i get your phone number",
      "how can i call you",
      "phone number",
      "phone no",
      "call"
   ],
   "responses": [
      "You can contact at: NUMBER"
   ],
   "context_set": ""
},
 {
   "tag": "course",
   "patterns": [
      "list of courses",
      "list of courses offered",
      "list of courses offered in",
      "what are the courses offered in your college?",
      "courses?",
      "courses offered",
      "courses offered in (your univrsity(UNI) name)",
      "courses you offer",
      "branches?",
      "courses available at UNI?",
      "branches available at your college?",
      "what are the courses in UNI?",
      "what are branches in UNI?",
      "what are courses in UNI?",
      "branches available in UNI?",
      "can you tell me the courses available in UNI?",
      "can you tell me the branches available in UNI?",
      "computer engineering?",
      "computer",
      "Computer engineering?",
      "it",
      "IT",
      "Information Technology",
      "AI/Ml",
      "Mechanical engineering",
      "Chemical engineering",
      "Civil engineering"
   ],
   "responses": [
      "Our university offers Information Technology, computer Engineering, Mechanical engineering,Chemical engineering, Civil engineering and extc Engineering."
   ],
   "context_set": ""
},
 {
   "tag": "fees",
   "patterns": [
      "information about fee",
      "information on fee",
      "tell me the fee",
      "college fee",
      "fee per semester",
      "what is the fee of each semester",
      "what is the fees of each year",
      "what is fee",
      "what is the fees",
      "how much is the fees",
      "fees for first year",
      "fees",
      "about the fees",
      "tell me something about the fees",
      "What is the fees of hostel",
      "how much is the fees",
      "hostel fees",
      "fees for AC room",
      "fees for non-AC room",
      "fees for Ac room for girls",
      "fees for non-Ac room for girls",
      "fees for Ac room for boys",
      "fees for non-Ac room for boys"
   ],
   "responses": [
      "For Fee detail visit <a target=\"_blank\" href=\"LINK\"> here</a>"
   ],
   "context_set": ""
},
 {
   "tag": "location",
   "patterns": [
      "where is the college located",
      "college is located at",
      "where is college",
      "where is college located",
      "address of college",
      "how to reach college",
      "college location",
      "college address",
      "wheres the college",
      "how can I reach college",
      "whats is the college address",
      "what is the address of college",
      "address",
      "location"
   ],
   "responses": [
      "<a target=\"_blank\" href=\"ADD YOU GOOGLE MAP LINK HERE\"> here</a>"
   ],
   "context_set": ""
}
]
}
