{
   "intents":[
 {
   "tag": "sem",
   "patterns": [
      "exam dates",
      "exam schedule",
      "When is semester exam",
      "Semester exam timetable",
      "sem",
      "semester",
      "exam",
      "when is exam",
      "exam timetable",
      "exam dates",
      "when is semester"
   ],
   "responses": [
      "Here is the Academic Calendar  <a target=\"_blank\" href=\"YOUR ACADEMIC CALENDER\">website</a>"
   ],
   "context_set": ""
},
 {
   "tag": "admission",
   "patterns": [
      "what is the process of admission",
      "what is the admission process",
      "How to take admission in your college",
      "What is the process for admission",
      "admission",
      "admission process"
   ],
   "responses": [
      "Application can also be submitted online through the Unversity's  <a target=\"_blank\" href=\"LINK OF ADMISSION DOCUMENT\">website</a>"
   ],
   "context_set": ""
},
 {
   "tag": "scholarship",
   "patterns": [
      "scholarship",
      "Is scholarship available",
      "scholarship engineering",
      "scholarship it",
      "scholarship ce",
      "scholarship mechanical",
      "scholarship civil",
      "scholarship chemical",
      "scholarship for AI/ML",
      "available scholarships",
      "scholarship for computer engineering",
      "scholarship for IT engineering",
      "scholarship for mechanical engineering",
      "scholarship for civil engineering",
      "scholarship for chemical engineering",
      "list of scholarship",
      "comps scholarship",
      "IT scholarship",
      "mechanical scholarship",
      "civil scholarship",
      "chemical scholarship",
      "automobile scholarship",
      "first year scholarship",
      "second year scholarship",
      "third year scholarship",
      "fourth year scholarship"
   ],
   "responses": [
      "Many government scholarships are supported by our university. For details and updates visit <a target=\"_blank\" href=\"(SCHOLARSHIP DETAILS LINK)\">here</a>"
   ],
   "context_set": ""
},
 {
   "tag": "facilities",
   "patterns": [
      "What facilities college provide",
      "College facility",
      "What are college facilities",
      "facilities",
      "facilities provided"
   ],
   "responses": [
      "Our university's Engineering department provides fully AC Lab with internet connection, smart classroom, Auditorium, library,canteen"
   ],
   "context_set": ""
},
 {
   "tag": "college intake",
   "patterns": [
      "max number of students",
      "number of seats per branch",
      "number of seats in each branch",
      "maximum number of seats",
      "maximum students intake",
      "What is college intake",
      "how many stundent are taken in each branch",
      "seat allotment",
      "seats"
   ],
   "responses": [
      "For IT, Computer and extc 60 per branch and seat may be differ for different department."
   ],
   "context_set": ""
},
 {
   "tag": "uniform",
   "patterns": [
      "college dress code",
      "college dresscode",
      "what is the uniform",
      "can we wear casuals",
      "Does college have an uniform",
      "Is there any uniform",
      "uniform",
      "what about uniform",
      "do we have to wear uniform"
   ],
   "responses": [
      "ENTER YOUR OWN UNIVERSITY UNIFORM CIRCULER"
   ],
   "context_set": ""
},
 {
   "tag": "committee",
   "patterns": [
      "what are the different committe in college",
      "different committee in college",
      "Are there any committee in college",
      "Give me committee details",
      "committee",
      "how many committee are there in college"
   ],
   "responses": [
      "For the various committe in college contact this number: ADD NUMBER"
   ],
   "context_set": ""
}
]
}
