{
   "intents":[
 {
   "tag": "random",
   "patterns": [
      "I love you",
      "Will you marry me",
      "Do you love me"
   ],
   "responses": [
      "I am not program for this, please ask appropriate query"
   ],
   "context_set": ""
},
 {
   "tag": "swear",
   "patterns": [
      "fuck",
      "bitch",
      "shut up",
      "hell",
      "stupid",
      "idiot",
      "dumb ass",
      "asshole",
      "fucker"
   ],
   "responses": [
      "please use appropriate language",
      "Maintaining decency would be appreciated"
   ],
   "context_set": ""
},
 {
   "tag": "vacation",
   "patterns": [
      "holidays",
      "when will semester starts",
      "when will semester end",
      "when is the holidays",
      "list of holidays",
      "Holiday in these year",
      "holiday list",
      "about vacations",
      "about holidays",
      "When is vacation",
      "When is holidays",
      "how long will be the vacation"
   ],
   "responses": [
      "Academic calender is given to you by your class-soordinators after you join your respective classes"
   ],
   "context_set": ""
},
 {
   "tag": "sports",
   "patterns": [
      "sports and games",
      "give sports details",
      "sports infrastructure",
      "sports facilities",
      "information about sports",
      "Sports activities",
      "please provide sports and games information"
   ],
   "responses": [
      "Our university encourages all-round development of students and hence provides sports facilities in the campus. For more details visit<a target=\"_blank\" href=/\"(LINK IF HAVE)\">here</a>"
   ],
   "context_set": ""
},
 {
   "tag": "salutaion",
   "patterns": [
      "okk",
      "okie",
      "nice work",
      "well done",
      "good job",
      "thanks for the help",
      "Thank You",
      "its ok",
      "Thanks",
      "Good work",
      "k",
      "ok",
      "okay"
   ],
   "responses": [
      "I am glad I helped you",
      "welcome, anything else i can assist you with?"
   ],
   "context_set": ""
},
 {
   "tag": "task",
   "patterns": [
      "what can you do",
      "what are the thing you can do",
      "things you can do",
      "what can u do for me",
      "how u can help me",
      "why i should use you"
   ],
   "responses": [
      "I can answer to low-intermediate questions regarding college",
      "You can ask me questions regarding college, and i will try to answer them"
   ],
   "context_set": ""
},
 {
   "tag": "ragging",
   "patterns": [
      "ragging",
      "is ragging practice active in college",
      "does college have any antiragging facility",
      "is there any ragging cases",
      "is ragging done here",
      "ragging against",
      "antiragging facility",
      "ragging juniors",
      "ragging history",
      "ragging incidents"
   ],
   "responses": [
      "We are Proud to tell you that our college provides ragging free environment, and we have strict rules against ragging"
   ],
   "context_set": ""
},
 {
   "tag": "hod",
   "patterns": [
      "hod",
      "hod name",
      "who is the hod"
   ],
   "responses": [
      "HODs differ for each branch, please be more specific like: (HOD it)"
   ],
   "context_set": ""
}
]
}
